name,address,location-bd,location-gd,pname-gd,cname-gd,dname-gd,vname-gd,adrress-gd,status,fitler,fitler-grade,location
哈尔滨人民同泰医药连锁店康全分店,道里区康安路79号,126.60878927054,45.744691263564,,,,,,,,,
哈尔滨人民同泰医药连锁店井街分店,友谊路49号,126.63236102721,45.785720123074,,,,,,,,,
哈尔滨人民同泰医药连锁店新宏泰分店,哈尔滨道里区透笼街92号,126.63116241727,45.7752767973,,,,,,,,,
哈尔滨人民同泰医药连锁店钢铁分店,道理区钢铁街7号,126.6015151761,45.750652907183,,,,,,,,,
哈尔滨人民同泰医药连锁店通顺分店,哈尔滨市道里区通顺街32号,126.60194040877,45.742293517881,,,,,,,,,
哈尔滨人民同泰医药连锁店红霞分店,哈尔滨市道里区经纬街272号,126.61566703978,45.777427805164,,,,,,,,,
哈尔滨人民同泰医药连锁店爱国分店,哈尔滨市道里区安国街138号,126.77191443366,47.631056415426,,,,,,,,,
哈尔滨人民同泰医药连锁店贝尔分店,哈尔滨市道里区工程街76-80号,126.61301600547,45.779976188474,,,,,,,,,
哈尔滨人民同泰医药连锁店地段分店,哈市道里区地段街136号,126.63383847746,45.77825412271,,,,,,,,,
哈尔滨人民同泰医药连锁店康泰永安店,哈道里区中央大街18号,126.65771685545,45.773224633239,,,,,,,,,
哈尔滨人民同泰医药连锁店锦江分店,河松街8号,126.59884206144,45.754506156238,,,,,,,,,
哈尔滨人民同泰医药连锁店中泰分店,哈尔滨市道里区石头道街10号,126.63770595667,45.778247903518,,,,,,,,,
哈尔滨人民同泰医药连锁店新城分店,哈尔滨市道里区工农大街631号,126.57072242862,45.727904363005,,,,,,,,,
哈尔滨人民同泰医药连锁店新乡分店,哈尔滨市道里区工农大街453号,126.611354,45.752336,,,,,,,,,
哈尔滨人民同泰医药连锁店中西药分店,顾乡大街100号,126.59552952394,45.744134273365,,,,,,,,,
哈尔滨人民同泰医药连锁店乐买分店,哈尔滨市道里区经纬街340号,126.61232661708,45.778723063322,,,,,,,,,
哈尔滨人民同泰医药连锁店河鼓分店,河政街9号,126.60014867645,45.758665338507,,,,,,,,,
哈尔滨人民同泰医药连锁店霁虹分店,河柏小区701栋1层9号,126.59114075625,45.746399382801,,,,,,,,,
哈尔滨人民同泰医药连锁店新亭分店,哈尔滨市道里区安阳路55号,126.36841846875,45.686139243933,,,,,,,,,
哈尔滨人民同泰医药连锁店城乡路分店,哈尔滨市道里区城乡路405号,126.56958384045,45.720681796547,,,,,,,,,
哈尔滨人民同泰医药连锁店哈双分店,哈市道里区阳光颐养花园12栋1层1号,126.54418440487,45.723971858533,,,,,,,,,
哈尔滨人民同泰医药连锁店美晨分店,哈尔滨市道里区工农大街美晨家园1号楼商服单元1层15号,126.5856188651,45.739708743814,,,,,,,,,
哈尔滨人民同泰医药连锁店民尚分店,哈尔滨市道里区民生尚都小区瑞园31栋M5门市,126.56481353008,45.729408436979,,,,,,,,,
哈尔滨人民同泰医药连锁店工程分店,哈市道里区工程街142号,126.60881385536,45.775619226924,,,,,,,,,
哈尔滨人民同泰医药连锁店山水分店,哈尔滨市道里区工农大街B02栋1层8号门市,126.57042513231,45.727840032143,,,,,,,,,
哈尔滨人民同泰医药连锁店通江分店,道理区通江街155号,126.61956812369,45.782123402311,,,,,,,,,
哈尔滨人民同泰医药连锁店大安分店,道里区经纬街208号,126.62079982721,45.775609517599,,,,,,,,,
哈尔滨人民同泰医药连锁店民安分店,道里区群力第四大道1267号,126.558344,45.737629,,,,,,,,,
哈尔滨人民同泰医药连锁店安阳分店,道里区安阳路184号,126.58947888657,45.74477427724,,,,,,,,,
哈尔滨人民同泰医药连锁店光辉分店,哈尔滨市道里区新阳路321号,126.61423294803,45.757023962285,,,,,,,,,
哈尔滨人民同泰医药连锁店友谊分店,哈尔滨市道里区高谊街91号,126.61667584315,45.78252624337,,,,,,,,,
哈尔滨人民同泰医药连锁店新发分店,道里区新发镇新发百货大楼,126.49134963476,45.674762692287,,,,,,,,,
哈尔滨人民同泰医药连锁店埃德分店,哈尔滨市埃德蒙顿路54号,126.59752963529,45.740003011361,,,,,,,,,
哈尔滨人民同泰医药连锁店抚新分店,道里区抚顺街48号,126.62873186935,45.766864232942,,,,,,,,,
哈尔滨人民同泰医药连锁店中央大药房分店,哈尔滨市道里区中央大街77号,126.65771685545,45.773224633239,,,,,,,,,
哈尔滨人民同泰医药连锁店经纬分店,道理区经纬街133号,126.62596956194,45.774120870873,,,,,,,,,
哈尔滨人民同泰医药连锁店大桥分店,哈药路416号,126.60039073161,45.766336008872,,,,,,,,,
哈尔滨人民同泰医药连锁店宜居分店,哈尔滨市道理区哈双北路宜居家园A栋104-6门市,126.52374688554,45.722177917025,,,,,,,,,
哈尔滨人民同泰医药连锁店江畔分店,友谊路416号,126.605004934,45.77332200053,,,,,,,,,
哈尔滨人民同泰医药连锁店太平庄分店,哈尔滨市道里区太平镇太平村,126.19826096295,45.63798529627,,,,,,,,,
哈尔滨人民同泰医药连锁店爱建分店,道里区上海街96号,126.61050182262,45.767095655875,,,,,,,,,
哈尔滨人民同泰医药连锁店河松分店,道里区河松街185号,126.58779192721,45.755048313488,,,,,,,,,
哈尔滨人民同泰医药连锁店康安分店,道里区群力西区民生尚都怡园e45b005号商服,126.516815,45.720897,,,,,,,,,
哈尔滨人民同泰医药连锁店建通分店,建国街235号,126.36841846875,45.686139243933,,,,,,,,,
哈尔滨人民同泰医药连锁店北方分店,道里区新阳路84号,126.36841846875,45.686139243933,,,,,,,,,
齿轮路分店,丽江路775号,126.56925480181,45.721969841123,,,,,,,,,
建国分店,建国街-123号,126.60975362306,45.757939587735,,,,,,,,,
东安分店,哈尔滨市道里区群力第七大道1773号,126.36841846875,45.686139243933,,,,,,,,,
人民同泰益民分店,temg,126.36841846875,45.686139243933,,,,,,,,,
test00010001,江苏省宿迁市市辖区123,118.29689337855,33.952049733709,,,,,,,,,
测试巴巴,temg,126.36841846875,45.686139243933,,,,,,,,,
新新药店群力26,丽江路远大都市,126.36841846875,45.686139243933,,,,,,,,,
测试新版本,群力大道7号,126.36841846875294,45.68613924393256,,,,,,,,,
测试帐号,道里区群力大道,126.36841846875294,45.68613924393256,,,,,,,,,
测试不用回访,125,126.36841846875294,45.68613924393256,,,,,,,,,
演示药店,群力大道,126.36841846875294,45.68613924393256,,,,,,,,,
人民同泰康泰永安分店,黑龙江省哈尔滨市道里区群力大道10号,126.36841846875294,45.68613924393256,,,,,,,,,
哈尔滨健康医药连锁有限公司红专分店,黑龙江省哈尔滨市道里区道里区红专街55号,126.62316487194,45.779153136297,,,,,,,,,
哈尔滨健康医药连锁有限公司为民分店,黑龙江省哈尔滨市道里区道里区上游街106号,126.61971240279,45.781462748995,,,,,,,,,
哈尔滨健康医药连锁有限公司顾乡分店,黑龙江省哈尔滨市道里区道里区美晨家园玫瑰园2号楼商服1,126.58618086605395,45.7400700962255,,,,,,,,,
哈尔滨健康医药连锁有限公司安定分店,黑龙江省哈尔滨市道里区道里区安定街4号,126.61981610841275,45.77305694611813,,,,,,,,,
哈尔滨健康医药连锁有限公司道里分店,黑龙江省哈尔滨市道里区道里区尚志大街32号,126.63148975863498,45.771100342921045,,,,,,,,,
哈尔滨健康医药连锁有限公司新阳分店,黑龙江省哈尔滨市道里区哈尔滨市道里区新阳路67号,126.62426774107,45.769175825709,,,,,,,,,
哈尔滨健康医药连锁有限公司松源分店,黑龙江省哈尔滨市道里区道里区松街副80号,126.59928638653,45.754688754473,,,,,,,,,
哈尔滨健康医药连锁有限公司华兴分店,黑龙江省哈尔滨市道里区道里区美晨家园丁香园2栋商服18号,126.58552603428,45.741157917758,,,,,,,,,
哈尔滨健康医药连锁有限公司瑞祥分店,黑龙江省哈尔滨市道里区道里友谊路62号,126.63082997441,45.78552410857,,,,,,,,,
  黑龙江省亿隆大药房连锁有限公司地段店,黑龙江省哈尔滨市道里区道里区地段街93号,126.6357476624,45.775058460003,,,,,,,,,
哈尔滨健康医药连锁有限公司市直分店,黑龙江省哈尔滨市道里区市直机关职工住宅小区商服31号楼2单元2号,126.60047104699,45.75882368421,,,,,,,,,
哈尔滨恒瑞新药特药连锁有限公司麦凯乐店,黑龙江省哈尔滨市道里区道里区顾乡凯德购物广场,126.5999369548,45.742246070259,,,,,,,,,
哈尔滨华伟康健大药房连锁有限公司群力店,黑龙江省哈尔滨市道里区群力工农大街567号,126.57636192899,45.7302258034,,,,,,,,,
哈尔滨华伟康健大药房连锁有限公司索菲亚店,黑龙江省哈尔滨市道里区哈尔滨道里区达道街68-1号,126.60002293885,45.761199717824,,,,,,,,,
海联大药房,赣水路222号,126.56396853888,45.723242323234,,,,,,,,,
启康百姓医药连锁有限公司康福店,哈尔滨市道里区康安小区16栋2单位1层1,126.59628150123723,45.74779358457906,,,,,,,,,
哈尔滨市福天大药房有限公司,道里区河松街217号,126.58871539237,45.752686993972,,,,,,,,,
哈尔滨鹤年堂大药房有限公司,道里区机场路582号,126.49283478851,45.674929962697,,,,,,,,,
哈尔滨嘉泽大药房有限公司,道里区安道街57号,126.62291730363654,45.7721137317202,,,,,,,,,
哈尔滨老百姓大药房有限公司安和店,地段街182号,126.63285197091,45.781496492389,,,,,,,,,
黑龙江东生林大药房有限公司,哈尔滨市道里区哈双北路280号202栋4号商服,126.5290725615,45.722969404518,,,,,,,,,
哈尔滨宁泰药店有限公司,哈市道里区新阳路355号紫金城小区I2栋1一2,126.60280655475,45.746076794959,,,,,,,,,
哈尔滨盛合大药房有限公司,哈市道里区经纬八道街21号,126.61819082841981,45.77589565053431,,,,,,,,,
哈尔滨一好大药房有限公司,道里区高谊街12号,126.62015988319,45.776723361484,,,,,,,,,
  哈尔滨宝丰医药连锁有限公司建国店,黑龙江省哈尔滨市道里区道里区建国街112号,126.60959472718,45.757410157735,,,,,,,,,
哈尔滨市恒发大药房有限公司,哈尔滨市道里区群力新区天鹅湾小区14栋一层二号,126.57955462838,45.742401746856,,,,,,,,,
哈尔滨市康新广信大药房有限公司,道里区天合俊景6号楼3号门市,126.6009821324717,45.73782391522969,,,,,,,,,
哈尔滨市万泽源大药房有限公司,哈市道里区安顺街53号,126.62533818294,45.770036352563,,,,,,,,,
哈尔滨鹿恩堂大药房有限公司建国分店,哈市道里区建国北六道衔56号-,126.36841846875,45.686139243933,,,,,,,,,
测试非法字符店11,黑龙江省哈尔滨市道里区,126.36841846875,45.686139243933,,,,,,,,,
哈尔滨市环宇大药房有限公司,哈市道里区海富康城B栋4号,126.58789426893,45.743891520756,,,,,,,,,
哈尔滨国仁大药房有限公司世纪联华店,哈市道里区顾乡大街85号,126.5932462896,45.743744751724,,,,,,,,,
哈尔滨市顺心堂大药房有限公司,哈市道里区河阳街18号,126.60787443576112,45.76103595403705,,,,,,,,,
哈尔滨老百姓大药房安升分店,道里区安升街11号,126.62160948225,45.766366186681,,,,,,,,,
哈尔滨老百姓大药房有限公司高谊店,道里区高谊街,126.61987956798782,45.77648571020261,,,,,,,,,
哈尔滨宜邦大药房有限公司,哈尔滨市道理区安升亍41号,126.62162695411,45.766322545035,,,,,,,,,
哈尔滨群利大药房,哈市道里区群力家园B5栋,126.54459003070576,45.7188947518343,,,,,,,,,
哈尔滨鑫龙康大药房有限公司,哈市道里区友谊路58号,126.63035072100831,45.785576910415585,,,,,,,,,
启康百姓医药连锁顾乡店,哈市道里区天河街57号,126.59728626473,45.738043830249,,,,,,,,,
哈尔滨市百年红大药房顾乡店,哈尔滨市道里区顾乡大街51号,126.59710813837404,45.74535950783276,,,,,,,,,
哈尔滨圣隆堂大药房有限公司,哈尔滨市道里区经纬街320号,126.61357660724,45.778448465068,,,,,,,,,
哈尔滨鸿达大药房有限公司,哈市河广街53号,126.60825638214,45.759711766589,,,,,,,,,
哈尔滨康泰大药房有限公司,道理区抚利街78,126.62513986246472,45.75785496827548,,,,,,,,,
哈尔滨善亿堂大药房有限公司,群力兴江路596号,126.56959589268,45.730464051974,,,,,,,,,
哈尔滨市老君堂中西药房,哈尔滨市道里区顾乡大街73号,126.59426810999,45.743557065063,,,,,,,,,
aaaaaaaa测试黑龙江,建设街,126.36841846875,45.686139243933,,,,,,,,,
康云药店,道里区友谊路51号,126.63234506766,45.785867200106,,,,,,,,,
黑龙江启康百姓医药连锁有限公司满意店,安阳路41号,126.59191227939914,45.746256521578864,,,,,,,,,
黑龙江省鸿宇大药房医药有限公司,哈市道里区松树28号,126.36841846875,45.686139243933,,,,,,,,,
哈尔滨源丰大药房有限公司,哈尔滨市道里区四方台大道2846号,126.53012575984,45.723226776498,,,,,,,,,
哈尔滨朗泰大药房有限公司,哈尔滨市道里区45号,126.61899551192107,45.77854490725437,,,,,,,,,
哈尔滨宏达大药房有限公司,哈尔滨市道理区康安路88号,126.59832076607,45.747141505704,,,,,,,,,
  哈尔滨宝丰医药连锁有限公司康宝店,黑龙江省哈尔滨市道里区道里区民安街201号,126.61634131036,45.75124899491,,,,,,,,,
哈尔滨百年红大药房有限公司新阳店,黑龙江省哈尔滨市道里区新阳路91号,126.62288520527,45.766320471376,,,,,,,,,
哈尔滨市佰盛大药房有限公司,哈尔滨市道里区新阳路773-4号,126.6032222044953,45.74756165924973,,,,,,,,,
黑龙江龙卫中新医药有限公司长兴药店,道里区钢铁街45号,126.59948893168678,45.75058828027363,,,,,,,,,
哈尔滨市鹏瑞大药房有限公司,哈市道里区森林街31-3号,126.63244174653,45.782262617996,,,,,,,,,
哈尔滨市道里区宏泰药店,temg,126.61773645602,45.749922669778,,,,,,,,,
哈尔滨瑞年大药房有限公司,哈市道里区抚顺街147号1层,126.62741578446,45.764000559018,,,,,,,,,
黑龙江省启康百姓医药连锁金地大药房,temg,126.49503163836,45.672498357277,,,,,,,,,
哈尔滨共乐大药房有限公司,哈市道里区哈药路194,126.60949398189467,45.75874069453975,,,,,,,,,
黑龙江省鸿宇大药房医药有限公司河梁店,哈市道里区河梁街44号,126.36841846875,45.686139243933,,,,,,,,,
哈尔滨老百姓大药房有限公司,道里区通江街27_4号,126.62245433953967,45.776813269945734,,,,,,,,,
test_00001,黑龙江省哈尔滨市道里区123,126.805152,45.681933,,,,,,,,,
时代感好几个,电饭锅黑杰克,126.805152,45.681933,,,,,,,,,
监察部测试,temg,126.36841846875,45.686139243933,,,,,,,,,
哈尔滨天心大药房有限公司,哈市中医街103一2号,126.61786170579,45.780018382299,,,,,,,,,
测试黑龙江8655366,我刚装饰被偷了,126.36841846875,45.686139243933,,,,,,,,,
哈尔滨市鉴铵大药房有限公司,哈市道里区群力第七大道玫瑰湾小区D19座1层9号,126.52009053011,45.727677450536,,,,,,,,,
哈尔滨市道里区盛鸣大药房,哈市道里区新亭街68号1一2层,126.58993742684,45.746480844505,,,,,,,,,
哈尔滨安康百姓大药房有限公司,安升街110号,126.62116248424445,45.76679172791536,,,,,,,,,
黑龙江启康百姓医药连锁有限公司胜奇药店,哈市道里区工农大街663号,126.56980752767413,45.72685096479743,,,,,,,,,
测试18846442744,道里区安生街,126.36841846875,45.686139243933,,,,,,,,,
哈尔滨城美大药房有限公司,道里区新阳路508-9号2单元1层3号,126.60907762517064,45.74861475674849,,,,,,,,,
哈尔滨泽济堂大药房有限公司,哈市道里区哈双北路202号宜居家园小区205栋5号商服,126.53233415876,45.723797495957,,,,,,,,,
测试,158,126.65771685545,45.773224633239,,,,,,,,,
金天诚大药房龙腾分店,哈尔滨市道里区安和街87号,126.61694949955313,45.76282781732763,,,,,,,,,
康仁堂,民庆街27-9,126.6103779090326,45.75060005415124,,,,,,,,,
哈尔滨市燎原大药房有限公司,道里区大民兴街副5号,126.624190281712,45.756222170102745,,,,,,,,,
黑龙江启康百姓医药连锁有限公司欧洲新城店,哈市道里区新阳路504号欧洲新城巴塞罗纳c座,126.6109434877,45.747498160683,,,,,,,,,
启康宏宇大药房,0,126.61788558487,45.77773020875,,,,,,,,,
哈尔滨美晟大药房有限公司,哈尔滨市道里区安阳路23号,126.59260612916734,45.74719958567985,,,,,,,,,
哈尔滨宝盈大药房有限责任公司,道里区通达街245号,126.61681950141309,45.75053613531215,,,,,,,,,
哈尔滨大德堂医药商店有限公司,哈市地段街126号,126.6354828833,45.775756279365,,,,,,,,,
哈尔滨顺晟大药房有限公司,哈尔滨市道里区安顺街68号,126.62464114225,45.770217772887,,,,,,,,,
哈尔滨市正元堂大药房,道理区安心街18号,126.62368107661462,45.7605325028755,,,,,,,,,
哈尔滨万宁大药房有限公司,哈市道里区哈双北路268号,126.52788874188832,45.72315996134763,,,,,,,,,
哈尔滨同盛药店有限公司,哈市道里区地段街55号,126.63574967598,45.773576941573,,,,,,,,,
哈尔滨康泰馨大药房安松店,道里区安国街副73号,126.61874767275,45.76931768969,,,,,,,,,
黑龙江省瑞泽医药有限公司瑞泽大药房,哈市道里区哈药路239号,126.60925643473752,45.758734011972585,,,,,,,,,
启康达康药店,康安路93号,126.6033282174,45.748811500251,,,,,,,,,
黑龙江启康百姓医药连锁有限公司福同大药房,哈市道里区福同街33号,126.61765479253177,45.75863467627484,,,,,,,,,
哈尔滨鑫博大药房有限公司,哈市道理上游街,126.61840814469,45.781145912401,,,,,,,,,
哈尔滨康康大药房有限公司,道里区新城小区安居街7号,126.56914305426,45.727249803524,,,,,,,,,
哈尔滨市万隆有限公司河梁店,哈尔滨市道里区河梁街36号,126.60128301719158,45.763087598069404,,,,,,,,,
哈尔滨市宏盛药店有限公司,哈市道里区友谊路44,126.63234006715,45.785951900248,,,,,,,,,
哈尔滨市鑫瑞堂大药房有限公司,哈市道里区河清街4号1层6号,126.60292975575,45.760892738961,,,,,,,,,
和康大药房,0,126.62056501338,45.770227094391,,,,,,,,,
哈尔滨景泰中西药店,哈市道里,126.56655266403,45.724978710969,,,,,,,,,
黑龙江启康百姓医药连锁有限公司红鑫店,哈尔滨市道里区工程街109号,126.60682859454,45.775188250692,,,,,,,,,
康寿堂大药房,道里区哈药路419号,126.60185466795,45.764381280844,,,,,,,,,
哈尔滨市众祥大药房有限公司,哈市道里区乡政街96号,126.63472315541,45.712230935764,,,,,,,,,
哈尔滨市圣德大药房有限公司,哈尔滨市道里区薛家,126.48558604898,45.671273238567,,,,,,,,,
哈尔滨久仁大药房有限公司,哈市道里区共乐西头道衔4号,126.60822184781756,45.7577578129492,,,,,,,,,
哈尔滨天泽大药房有限公司,哈尔滨道里区民丰街16号,126.62165343473,45.75446464073,,,,,,,,,
黑龙江启康百姓医药连锁有限公司安达店,哈市道里群力第五大道天鹅湾小区20栋,126.57816546252161,45.74196338792372,,,,,,,,,
哈尔滨市道里区瑞康大药房,哈尔滨市道里区群力第五大道苏荷区10栋,126.56646836332,45.736227907611,,,,,,,,,
哈尔滨国仁大药房有限公司,哈市道里区乡政街150副1号,126.594204290211,45.7428045895584,,,,,,,,,
黑龙江启康百姓医药连锁有限公司通江大药房,哈市道里区群力西区c23栋01商服,126.52889800863,45.727461932917,,,,,,,,,
启康医药连锁安发店,道里区安发街,126.60320891081,45.751054757668,,,,,,,,,
哈尔滨洪恩泰富大药房有限公司,哈市道里区安定街115号,126.36841846875,45.686139243933,,,,,,,,,
哈尔滨琦家大药房有限公司,哈市道里区城乡路94号,126.36841846875,45.686139243933,,,,,,,,,
黑龙江省鸿宇大药房医药有限公司河柏店,哈市道里区河柏小区208栋4单元1层1,126.58995348692883,45.75258602066995,,,,,,,,,
健康大药房aaa,营业执照上地址,126.31796795895991,45.39213215155751,,,,,,,,,
黑龙江启康百姓医药连锁有限公司安定店,道里区安广小区,126.61592696868587,45.76607586522241,,,,,,,,,
哈尔滨宝丰医药连锁有限公司春晖店,黑龙江省哈尔滨市道里区松北世纪大道1号,126.54537793582551,45.808205669113235,,,,,,,,,
哈尔滨市长白山药房,道里区民安小区153栋4号门市,126.62309622675889,45.75517074086565,,,,,,,,,
哈尔滨光德坊药房,道理区尚志大街95号,126.6290174621634,45.779559739212566,,,,,,,,,
哈尔滨真新大药房有限公司,哈市道里区群力新区群力第六大道丽水丁香园3栋1单元102号,126.56146885431,45.751581381619,,,,,,,,,
乐民大药房,哈尔滨道理区民生尚都,126.52131303934,45.723566001231,,,,,,,,,
黑龙江启康百姓医药连锁有限公司清河湾店,哈市道里区城乡路清河湾小区B21栋3单元,126.58887886556,45.731358711361,,,,,,,,,
哈尔滨市康顺德大药房有限公司,哈市道里区群力新区天鹅湾赫郡2号楼商服03,126.57974982044,45.743127329054,,,,,,,,,
黑龙江启康百姓医药连锁有限公司安固店,0,126.58752034625,45.749156354991,,,,,,,,,
哈尔滨市世佳大药房有限公司,temg,126.63757200965642,45.774729094763444,,,,,,,,,
哈尔滨市弈江大药房有限公司,哈市道里区工农大街群力新苑B4号102,126.57417940428,45.730545290235,,,,,,,,,
哈尔滨市海义大药房有限公司,道里区康安路2号7栋3单元103室,126.61219652177,45.739197518837,,,,,,,,,
黑龙江启康百姓医药连锁有限公司美晨店,哈尔滨市道里区inn哄打劫57号,126.58722588249,45.739200976293,,,,,,,,,
哈尔滨市吉兴堂大药房,哈尔滨道里区民安街191号,126.61646546078,45.751278692103,,,,,,,,,
哈尔滨市祥达大药房有限公司,哈尔滨道理区安道街142号,126.61900381903,45.774219718511,,,,,,,,,
哈尔滨富丽佳大药房,道里区安宁街167号3单元1层1号,126.61647717971982,45.7718902030733,,,,,,,,,
龙城大药房,0,126.61999869685803,45.76134291889582,,,,,,,,,
哈尔滨建兴大药房,道里区红霞街35号,126.62245097469173,45.78006691626135,,,,,,,,,
哈尔滨市万达大药房有限公司中西药店,哈尔滨道里区经纬十二道街副20号,126.61213211841493,45.776749518437114,,,,,,,,,
道理,道里区,126.65771685545,45.773224633239,,,,,,,,,
哈尔滨同康源大药房有限公司,哈市道里区工农大街557号群力新苑小区B04栋06号,126.57487366913,45.730770773367,,,,,,,,,
恒兴大药房,0,126.62259712848822,45.76136415697534,,,,,,,,,
鑫惠大药房155914,0,126.66502507346,45.758254820753,,,,,,,,,
黑龙江启康百姓医药连锁有限公司鸿博大药房,哈市道里区共乐街206号,126.60958587617,45.759043160232,,,,,,,,,
黑龙江启康百姓医药连锁有限公司丰源店,哈市道里区美晨家园葵花1,126.58556752649059,45.74063886668279,,,,,,,,,
哈尔滨市仁善堂大药房有限公司,道里区天薇丽景小区20栋4门市,126.56620254756353,45.72434736273619,,,,,,,,,
黑龙江省鸿宇大药房医药有限公司工农店,哈市道里区美晨家园1号楼6门市,126.58820226174,45.739547417607,,,,,,,,,
哈尔滨鹿恩堂大药房有限公司,哈市道里区安固街102号,126.62201793247,45.763198696937,,,,,,,,,
哈尔滨市和发福大药房有限责任公司,哈市道里区高谊街39号,126.61962645129,45.777756894921,,,,,,,,,
哈尔滨宝丰医药连锁有限公司中央大街店,黑龙江省哈尔滨市道里区道里区中央大街23号,126.62677258486,45.774658427183,,,,,,,,,
黑龙江启康百姓医药连锁有限公司新阳店,哈市道里区新阳路355号6栋6号,126.60202157016516,45.749107576171525,,,,,,,,,
  哈尔滨宝丰医药连锁有限公司通达店,黑龙江省哈尔滨市道里区道里区安平街47号,126.62494467458,45.76570806601,,,,,,,,,
启康阳明店,14,126.60817882258709,45.7633616835529,,,,,,,,,
测试13304813239,哈尔滨市道里区建国街,126.36841846875,45.686139243933,,,,,,,,,
哈尔滨瀚盈大药房有限公司,哈尔滨市道里区康安小区24栋1层3号,126.59316311663,45.745665997881,,,,,,,,,
黑龙江瑞泽大药房,道里区通顺街副4号,126.60957833044,45.758583679192,,,,,,,,,
哈尔滨市康旺大药房有限公司,哈尔滨市道里区地文街2-2,126.63069190159962,45.78585180728373,,,,,,,,,
哈尔滨熹宁堂大药房,哈尔滨道理区安升街138号,126.61955594154244,45.76666254595597,,,,,,,,,
黑龙江启康百姓医药连锁有限公司群力店,河松街175号,126.58813773249,45.755075475149,,,,,,,,,
信康大药房有限公司工农大街店,道里区丽江路1055号,126.36841846875,45.686139243933,,,,,,,,,
哈尔滨市靖康大药房有现公司,哈尔滨市道里区迎宾小区118栋1一10号,126.58716385752,45.732273505142,,,,,,,,,
哈尔滨市百年红大药房有限公司建国店,哈尔滨市道里区建国街265—3,126.60466705394,45.752496303873,,,,,,,,,
哈尔滨海德大药房有限公司,哈尔滨市道里区安国街38号5单元101,126.62062299055157,45.77171907258183,,,,,,,,,
哈尔滨百健大药房有限公司,哈市道里区上游街86号,126.36841846875,45.686139243933,,,,,,,,,
哈尔滨天生康美大药房连锁有限公司顾乡店,哈市道里区乡里街何家沟小区G街5栋,126.36841846875,45.686139243933,,,,,,,,,
金天爱心万隆分店,道理区安国街235-1,126.36841846875,45.686139243933,,,,,,,,,
康泰馨建国店,哈尔滨市道理区建国北二道街16号一层门市,126.60812959801,45.757563928676,,,,,,,,,
哈尔滨市祥泰大药房,天河街35号,126.59812795293,45.737921771566,,,,,,,,,
哈尔滨市万达大药房安国店,道里区174号,126.36841846875,45.686139243933,,,,,,,,,
测试请问呃呃同艳i,哥哥光华,126.36841846875,45.686139243933,,,,,,,,,
黑龙江启康百姓医药连锁有限公司远大店,丽江过,126.56783660073,45.7220441001,,,,,,,,,
黑龙江龙卫中新医药连锁有限公司祥泰药店,哈市道里区地节街59号,126.62786936167845,45.76308572177026,,,,,,,,,
13946018375测试,来咯无咯我,126.36841846875,45.686139243933,,,,,,,,,
哈尔滨盛国堂大药房,道里区民庆街8号,126.61358457392345,45.749202980771315,,,,,,,,,
哈尔滨新泰药业有限公司,哈市道里区河政街38栋5单元101,126.59908831794,45.75821214226,,,,,,,,,
黑龙江省鸿宇大药房医药有限公司共乐店,哈市道里区共乐西头道街50号,126.60535564335,45.758974417414,,,,,,,,,
哈尔滨天生康美大药房连锁有限公司大桥店,哈尔滨市道里区河润街77号,126.60320528194,45.76558928768,,,,,,,,,
哈尔滨道里区国宁大药房,道里区迎宾小区308栋5门市,126.587642398159,45.73149888140952,,,,,,,,,
哈尔滨健安堂大药房有限公司康宝分店,哈尔滨市道里区康安二道街23号,126.5989419355,45.746794510796,,,,,,,,,
乙泉大药房,哈尔滨市道里区群力新区上江街与工农大街交汇处漫步巴黎一期三栋003号门市,126.5800857352906,45.73384760078535,,,,,,,,,
哈尔滨市恒宇大药房有限公司,道里区民生尚都13栋2号门市,126.5269025373666,45.725429034275244,,,,,,,,,
哈尔滨平安大药房有限公司,哈市道里区安平街19号,126.62638054727466,45.76849854051393,,,,,,,,,
哈尔滨守信大药房有限公司,道里区抚北七道街,126.60264217112,45.763279656602,,,,,,,,,
哈尔滨市德鸿大药房有限公司,道里区民生尚都小区瑞园32栋4室,126.52949017678,45.723477963891,,,,,,,,,
哈尔滨鹏泰大药房有限公司,哈市道里区乡政街131号,126.59843001088,45.739590025021,,,,,,,,,
哈尔滨华翔健泰大药房有限公司,哈尔滨市道里区美晨家园4栋商服1号,126.58776139976,45.739235720711,,,,,,,,,
哈尔滨永信美态大药房有限公司,哈市道里区安平街66一1号,126.62506896961008,45.76510622028274,,,,,,,,,
哈尔滨市富龙大药房,道理区安广街114号,126.61642448111,45.766072564168,,,,,,,,,
  哈尔滨宝丰医药连锁有限公司巴陵店,黑龙江省哈尔滨市道里区道里区通顺街副4-1号（大发市场花鸟鱼市）,126.60445099515,45.743785847018,,,,,,,,,
中西大药店1,道里区123,126.65771685545,45.773224633239,,,,,,,,,
黑龙江启康百姓医药连锁有限公司锦江店,哈尔滨市道里区河松街锦江梧桐居29-B栋5单元1-2层61门市,126.59781640157604,45.75525479931066,,,,,,,,,
哈尔滨市安和大药房,哈尔滨市道里区通达街170,126.61497286303819,45.751369363810966,,,,,,,,,
哈尔滨龙伟大药房有限公司河清店,哈尔滨市道里区河清街10,126.60175889522,45.762630834646,,,,,,,,,
黑龙江启康百姓医药连锁有限公司民安店,哈市道里区民安街216号,126.61703058909,45.75195738824,,,,,,,,,
黑龙江省圣通大药房有限公司友谊店,哈市道里区建国街202号,126.60644190318,45.753920718186,,,,,,,,,
经历医院,大盘路,126.805152,45.681933,,,,,,,,,
哈尔滨市锦褔大药房有限责任公司,哈市道里区规划路3号楼5単元1楼l号,126.59575597928011,45.756177997851246,,,,,,,,,
哈尔滨市华益堂大药房,道理区康安路2号5栋2单元102室,126.6134628712573,45.741540794298125,,,,,,,,,
黑龙江省万盛大药房有限公司,哈市道里区友谊路54号,126.63085325541482,45.78576026945495,,,,,,,,,
哈尔滨宝丰医药连锁有限公司安德店,黑龙江省哈尔滨市道里区道里区安定街52号,126.61770504943,45.734829631856,,,,,,,,,
哈尔滨金安大药房有限公司,道里区群力民生尚都小区e区44栋3号门市,126.36841846875,45.686139243933,,,,,,,,,
哈尔滨天使大药房有限公司,哈尔滨市道里区安和街96号,126.61759799808829,45.762347165472164,,,,,,,,,
龙卫安红药店,道里区康安四道街3号,126.59713135059496,45.744465984954175,,,,,,,,,
哈尔滨乾康大药房有限公司,道里区通顺街南方花园1栋1门市,126.36841846875,45.686139243933,,,,,,,,,
哈尔滨黑宝大药房,道里区抚顺街230号,126.6249628462948,45.761068307032936,,,,,,,,,
启康百姓医药爱心店,道里区工农大街218号,126.56706467349204,45.72510510087823,,,,,,,,,
测试谢林大药房,人民公社,126.36841846875,45.686139243933,,,,,,,,,
哈尔滨老百姓大药房有限公司工厂店,工厂街1号,126.63851139571,45.772730334863,,,,,,,,,
哈尔滨康安大药房有限公司,哈尔滨市道里区经纬七道街64号3栋2单元1层,126.61923418686149,45.77453854683438,,,,,,,,,
哈尔滨龙伟大药房大桥店,哈尔滨市道理区河清街西五街区三栋1层2号,126.6010968802,45.763396941597,,,,,,,,,
哈尔滨隆鑫大药房有限公司,哈市道里区买卖街副192-9号,126.36841846875,45.686139243933,,,,,,,,,
哈尔滨市万达大药房宝泰店,道里区安红街,126.61902913120616,45.75950037607215,,,,,,,,,
龙卫广仁堂,0,126.60877047458,45.760240380242,,,,,,,,,
哈尔滨市业丰大药房有限公司,哈市道里区河鼓街7栋8号,126.59811528372,45.760394809797,,,,,,,,,
黑龙江省君再生大药房有限公司安国店,哈尔滨市道里区安国街190-1号,126.61653358578,45.765638879682,,,,,,,,,
哈尔滨市万达大药房有限公司安国店,群力家园B4栋1单元102,126.62137148455133,45.7605165119871,,,,,,,,,
黑龙江启康百姓医药连锁有限公司松江店,宜居家园122栋5号商服,126.52742700002,45.722226428351,,,,,,,,,
哈尔滨市国金大药房有限公司,哈市道里区康安小区31栋2门市,126.59542481788,45.745776042016,,,,,,,,,
哈尔滨中保大药房医药有限公司,哈尔滨市道里区新阳路副93号,126.62302017921,45.766394922227,,,,,,,,,
哈尔滨莱士大药房,道理区华兴街7号,126.5916979303,45.743132365129,,,,,,,,,
哈尔滨市万家福大药房有限公司,哈市道里区建国街200号,126.60705434502415,45.75461044103406,,,,,,,,,
黑妹测试,小叉路1号,126.36841846875,45.686139243933,,,,,,,,,
哈尔滨市道里区德仁堂大药房,哈市道里区财智时代3栋01,126.58943337567439,45.75590424045575,,,,,,,,,
哈尔滨得恩堂大药房有限公司,工农大街623号,126.57128293685,45.72821561121,,,,,,,,,
哈尔滨玉峰大药房有限公司,1,126.36841846875,45.686139243933,,,,,,,,,
  哈尔滨宝丰医药连锁有限公司和兴店,黑龙江省哈尔滨市道里区道里区民安街79号,126.61634131036,45.75124899491,,,,,,,,,
哈尔滨保德康大药房医药有限责任公司,哈尔滨市道里区河鼓小区5栋4单元1层1室,126.60020986473,45.76039287935,,,,,,,,,
哈尔滨人人大众药房有限公司,群力第七大道玫瑰湾D21号楼1-2号商服,126.5648031773,45.729480698901,,,,,,,,,
哈尔滨晋源堂大药房有限公司,群力第七大道百年俪景H-4商服,126.56347061206,45.729579194783,,,,,,,,,
哈尔滨市君仁大药房有限公司,道里区群利第七大道百年俪景H栋商服,126.56277192635,45.728514607034,,,,,,,,,
开心,道里区,126.65771685545,45.773224633239,,,,,,,,,
高林普测试,黑龙江省哈尔滨市,126.65771685545,45.773224633239,,,,,,,,,
哈药测试,黑龙江省哈尔滨市道里区123,126.66164245454,45.724167559126,,,,,,,,,
新药特药,道里区地段街95-1号,126.63492771691,45.776513326647,,,,,,,,,
ety,rtu,126.65771685545,45.773224633239,,,,,,,,,
百姓大药房,道里区经纬街,126.6214538053,45.775538269314,,,,,,,,,
123,123,126.65771685545,45.773224633239,,,,,,,,,
哈尔滨市康尔佳大药房有限公司,道里区康安二道街69号,126.59673917958,45.747636088081,,,,,,,,,
哈尔滨鑫福堂大药房,道里区哈双北路5号,125.98839290646117,46.080326683717686,,,,,,,,,
黑龙江省恒瑞阳光医药连锁有限公司旗安店,道里区经纬十一道街37号,126.61342524468978,45.776098512850965,,,,,,,,,
黑龙江启康百姓医药连锁同康大药房,道里区康安路10号恒祥城小区12号楼启康百姓同康店,126.61323100693937,45.7412303144273,,,,,,,,,
黑龙江省康业大药房有限公司,哈尔滨市道里区霞曼街6号,126.62961703413,45.778155547503,,,,,,,,,
黑龙江信康大药房有限公司工农大街分店,丽江路1055号,126.56646556826331,45.72397942020846,,,,,,,,,
哈尔滨德恩堂大药房有限责任公司,temg,126.57139233106,45.728239700386,,,,,,,,,
哈尔滨嘉宇大药房有限公司,哈尔滨市道里区群力第五大道哈林小区21栋商服1层6号,126.56568152389,45.735746420263,,,,,,,,,
哈尔滨嘉哲大药房有限公司,群力第二大道省公务员小区,126.55485448119555,45.74526906534983,,,,,,,,,
哈尔滨市黑宝大药房,temg,126.6249628462948,45.761068307032936,,,,,,,,,
哈尔滨正元堂大药房,temg,126.61859636392597,45.775584520907884,,,,,,,,,
哈尔滨隆盛堂大药房,temg,126.61457091232012,45.781470443811656,,,,,,,,,
黑龙江省好医生大药房连锁有限公司报达店,temg,126.58247692455745,45.734180784718646,,,,,,,,,
哈尔滨顺天大药房有限公司哈药店,哈尔滨市道里区哈药路275号,126.60907400513,45.758799778627,,,,,,,,,
哈尔滨元和大药房有限公司,temg,126.52683283736656,45.724972534275246,,,,,,,,,
哈尔滨市汇丰大药房有限公司以此为准,temg,126.61557056777,45.777937409623,,,,,,,,,
哈尔滨金利康大药房和盛店,temg,126.48506252991,45.67089086067,,,,,,,,,
金利康大药房,temg,126.52349770245,45.722633746943,,,,,,,,,
哈尔滨惠民堂大药房有限公司,temg,126.49194863734,45.675072360049,,,,,,,,,
哈尔滨宝丰医药连锁有效公司新发镇匡家店,temg,126.49112898405,45.689747473935,,,,,,,,,
哈尔滨市广丰大药房有限公司,temg,126.61860731921,45.776940363845,,,,,,,,,
黑龙江今天集团老百姓大药房丽江店,temg,126.55902878885314,45.72946038867587,,,,,,,,,
道理埃德蒙顿路百年红大药房,temg,126.59696847980518,45.74079960362219,,,,,,,,,
黑龙江金天爱心医药连锁公司群力店,temg,126.60349961899226,45.74819242787247,,,,,,,,,
哈尔滨祥顺大药房有限公司,temg,126.6287850759519,45.76751046906012,,,,,,,,,
哈尔滨平安大药房,道里区安平街19,126.62653711704,45.768329264617,,,,,,,,,
test333666,123,126.36841846875,45.686139243933,,,,,,,,,
哈尔滨市百年红大药房有限公司,哈尔滨道里区埃德蒙顿路57-2号,126.61900381903,45.774219718511,,,,,,,,,
哈尔滨国信大药房有限公司,道里区迎宾小区203栋,126.58799020627,45.734536815076,,,,,,,,,
道里宜邦大药房,temg,126.62210418297991,45.76665365722626,,,,,,,,,
海德大药房,temg,126.62056014705803,45.771761778393895,,,,,,,,,
哈尔滨市景泰中西大药房有限公司,temg,126.56696898949,45.724822606867,,,,,,,,,
玉丰大药房,temg,126.62180345485,45.75726065403,,,,,,,,,
道里区恒兴大药房,temg,126.62259712848822,45.76136415697534,,,,,,,,,
仁善堂大药房,哈尔滨市道里区天薇丽景圆小区20栋4号门市,126.5659739562,45.724811935631,,,,,,,,,
黑龙江省好医生大药房连锁有限公司群力店,temg,126.52360718348473,45.727219323882835,,,,,,,,,
哈尔滨天福康地大药房有限公司建国店,建国街262号,126.603697998124,45.751054620861254,,,,,,,,,
哈尔滨天鹅大药房有限公司,哈尔滨市道里区民康街41号,126.62166102378495,45.75411970323676,,,,,,,,,
哈尔滨@,哈尔滨市,126.36841846875,45.686139243933,,,,,,,,,
黑龙江省金天爱心医药连锁有限公司欧美亚分店,哈尔滨市道里区建国街副159号,126.60917557340724,45.756979608286514,,,,,,,,,
哈尔滨健泽大药房,temg,126.60650975907,45.748045020903,,,,,,,,,
哈尔滨本草堂大药房有限公司,新阳路502-2,126.60864865051445,45.75046544901114,,,,,,,,,
宝石大药房,工农大街翡翠城小区,126.5780674247427,45.731253922990504,,,,,,,,,
哈尔滨祥云大药房有限公司,道里区地德里小区116栋,126.62865156794828,45.76334107027564,,,,,,,,,
万泽源大药房,temg,126.62533818294,45.770036352563,,,,,,,,,
哈尔滨博德大药房有限公司,temg,126.53798817837242,45.739275827687756,,,,,,,,,
哈尔滨金安大药房,temg,126.33369697088,45.380040550011,,,,,,,,,
哈尔滨市天众大药房,temg,126.59654153065,45.733994735224,,,,,,,,,
黑龙江省金天爱心医药连锁有限公司迎宾店,temg,126.58760716534,45.729487338225,,,,,,,,,
哈尔滨市道里区国宁大药房,哈尔滨市道里区迎宾小区308栋5号门市,126.587642398159,45.73149888140952,,,,,,,,,
黑龙江启康百姓医药连锁有限公司清河店,temg,126.58899257935,45.731245459471,,,,,,,,,
哈尔滨嘉安大药房有限责任公司,temg,126.62408572352,45.765173166077,,,,,,,,,
黑龙江启康百姓医药连锁有限公司会展家园分店,temg,126.58895139005125,45.73317854702091,,,,,,,,,
黑龙江省金天爱心医药连锁有限公司天宇店,通顺街58号,126.60071717263,45.742109014533,,,,,,,,,
黑龙江金诃藏药馆大药房有限公司,康安路16-3,126.61069162994232,45.743561169310006,,,,,,,,,
哈尔滨市万隆大药房有限公司,共乐西头道街58号,126.60488250099,45.759014211053,,,,,,,,,
哈尔滨市道里区同德堂大药房,temg,126.62787953298,45.765501710971,,,,,,,,,
黑龙江启康百姓医药连锁有限公司鑫丰源店,temg,126.57909897561774,45.73478624181044,,,,,,,,,
哈尔滨市葆春堂大药房有限公司,temg,126.56570752527318,45.72980860092434,,,,,,,,,
哈尔滨益名堂大药房有限公司,temg,126.58487000945667,45.7412718124083,,,,,,,,,
哈尔滨龙伟大药房有限公司河山店,temg,126.58985078541,45.756524847662,,,,,,,,,
黑龙江启康医药连锁有限公司富民店,temg,126.56702147627414,45.72571620773976,,,,,,,,,
哈尔滨红旗大药房有限公司霁虹街店,霁虹街1栋3单元101室,126.62242791524,45.757433354891,,,,,,,,,
黑龙江省瑞好有限责任公司天瑞大药房,temg,126.55024556724,45.722886643314,,,,,,,,,
黑龙江省金天爱心医药连锁有限公司安阳店,河柏街195号,126.59109495592907,45.745957849758476,,,,,,,,,
黑龙江省天朗医药连锁阳光分店,temg,126.54066200479,45.72472428218,,,,,,,,,
黑龙江省金天爱心医药连锁麒麟店,temg,126.55059663499514,45.71932632682564,,,,,,,,,
哈尔滨市义善堂药房有限公司,temg,126.5566792116,45.74630074723,,,,,,,,,
黑龙江启康医药连锁有限公司南新店,temg,126.5475017696,45.717352407102,,,,,,,,,
黑龙江省金天爱心医药连锁有限公司安静分店,temg,126.55220893233,45.714355317001,,,,,,,,,
哈尔滨市泽霖大药房,temg,126.49179389012,45.674555281162,,,,,,,,,
哈尔滨金天诚大药房有限公司薛家店,temg,126.48524760568,45.671012036517,,,,,,,,,
黑龙江启康百姓医药连锁有限公司集资店,temg,126.36242024926,45.646766023418,,,,,,,,,
哈尔滨市群生大药房,temg,126.19998812261565,45.63820295003649,,,,,,,,,
哈尔滨市道里区仁本堂大药房,temg,126.20038182355,45.638283006068,,,,,,,,,
黑龙江省金天爱心医药连锁有限公司太平庄分店,temg,125.40640035928,46.846978936216,,,,,,,,,
启康医药连锁二厂店,哈尔滨市道里区薛家,126.4948254476,45.672717336404,,,,,,,,,
哈尔滨市宝丰医药连锁健康分店,temg,126.4944640093,45.673131442004,,,,,,,,,
哈尔滨开心医药有限公司,temg,126.36841846875,45.686139243933,,,,,,,,,
哈尔滨市金利康大药房有限公司,temg,126.52349770245,45.722633746943,,,,,,,,,
哈尔滨市凯隆大药房有限公司,哈尔滨市南岗区繁荣街58号,126.6476408068,45.753578448506,,,,,,,,,
哈尔滨天福康地大药房有限公司,temg,126.61003572055,45.752312961965,,,,,,,,,
哈尔滨鸿达大药房有限公司以此为准,河广街53号,126.60847948039,45.759987168201,,,,,,,,,
黑龙江启康百姓医药连锁有限公司宏宇大药房,temg,126.61788558487,45.77773020875,,,,,,,,,
黑龙江省瑞华医药有限公司瑞华大药房,temg,126.61953754476855,45.77226169840526,,,,,,,,,
黑龙江龙卫中心医药连锁有限公司哈西大药房,temg,126.62889216436395,45.77172087918166,,,,,,,,,
黑龙江省圣通大药房有限公司康安店,temg,126.6250619723171,45.781302369253844,,,,,,,,,
黑龙江龙卫中新医药连锁有限公司鑫发医药商场,temg,126.49094230589,45.674394779874,,,,,,,,,
哈尔滨欣美大药房有限公司,temg,126.63414162794015,45.778137499644814,,,,,,,,,
哈尔滨联想大药房有限,temg,126.63417262619,45.777601924663,,,,,,,,,
哈尔滨市恒宇大药房有限公司以此为准,temg,126.5269025373666,45.725429034275244,,,,,,,,,
南岗区63411圣丰大药房,清华大街156号,126.52975940291,45.727068644582,,,,,,,,,
哈尔滨真新大药房有限公司以此为准,temg,126.56146885431,45.751581381619,,,,,,,,,
哈尔滨金安大药房有限公司以此为准,temg,126.57056633548,45.727388079955,,,,,,,,,
哈尔滨市群泰大药房,temg,126.56089627123,45.72845197558,,,,,,,,,
哈尔滨市福源大药房有限公司,temg,126.61306058996786,45.775608831000056,,,,,,,,,
哈尔滨市汇丰大药房有限公司,temg,126.61533604982,45.77815051025,,,,,,,,,
黑龙江启康百姓医药连锁有限公司工程店,temg,126.60229153025,45.757095936194,,,,,,,,,
木兰新特大药房有限公司,群力第七大道,126.55804900616357,45.72550397524741,,,,,,,,,
黑龙江启康百姓医药连锁有限公司道里大药房,temg,126.62669237663022,45.77062984353955,,,,,,,,,
哈尔滨福义德大药房有限公司司徒分店,道里区松源街50号,126.60172276146,45.752768429752,,,,,,,,,
联想一百康安店,康安路2号,126.60690530884,45.754177208726,,,,,,,,,
启康医药连锁泽仁堂店,temg,126.60332758995,45.762511493846,,,,,,,,,
哈尔滨市春萍大药房有限公司,temg,126.61989537480093,45.75479718094144,,,,,,,,,
启康医药连锁有限公司民香店,temg,126.56657337679,45.722178107031,,,,,,,,,
哈尔滨益泽大药房有限公司,temg,126.61763519038817,45.76055484197073,,,,,,,,,
哈尔滨万成大药房有限公司,道里区地道街142号,126.61805861291282,45.759537106193974,,,,,,,,,
黑龙江启康百姓医药连锁安康店,哈尔滨市道里区建国北四道街75号,126.60667981919039,45.75772875465721,,,,,,,,,
哈尔滨兴安大药房有限公司,temg,126.60726907396918,45.75844320150111,,,,,,,,,
鑫鹏大药房,道外区北十二道街57号,126.56646556826331,45.72397942020846,,,,,,,,,
黑龙江启康百姓医药连锁有限公司济华堂大药房,temg,126.62354726484,45.765642377966,,,,,,,,,
黑龙江启康百姓医药连锁有限公司合泰店,temg,126.61954947860391,45.754560673183626,,,,,,,,,
哈尔滨市和泰大药房有限公司民安店,temg,126.61978611616831,45.75497861986472,,,,,,,,,
黑龙江启康百姓医药连锁有限公司海富锦园店,temg,126.55106383499515,45.72241232682564,,,,,,,,,
哈尔滨市松平大药房有限公司,辟家,126.49050097441,45.673587025175,,,,,,,,,
哈尔滨明德药店有限公司以此为准,temg,126.6232386900922,45.76279132688816,,,,,,,,,
哈尔滨亚康大药房,temg,128.61975998563,44.936827355595,,,,,,,,,
吉隆大药房,temg,126.52333028348482,45.72623212388284,,,,,,,,,
哈尔滨康正大药房有限公司,temg,126.36841846875,45.686139243933,,,,,,,,,
哈尔滨市和泰大药房有限公司达江店,达江街,126.59145890731,45.74468207052,,,,,,,,,
黑龙江佳晨大药房,哈尔滨南岗区哈西大街185号,126.59845009058,45.715444169652,,,,,,,,,
哈尔滨福瑞邦连锁有限公司群力丽江店,哈尔滨市道理区群力新区百年俪景G栋3_4号门市,126.5627656473115,45.727753671702125,,,,,,,,,
恒瑞阳光医药有限公司兴旺店,河松街河松小区1001栋1层1号,126.5916330648,45.755294670772,,,,,,,,,
金天爱心顺心店,凊河湾小区4栋1单元102室,126.59777587076,45.737614319623,,,,,,,,,
安泰大药房1,道里区工农大街46号报达文化嘉园14栋4号门市安泰大药房,126.58334536921,45.732946526326,,,,,,,,,
金天爱心如意分店,道里区丽江路天威丽景园1栋1单元101,126.56879775720802,45.72337906973335,,,,,,,,,
黑龙江龙卫中新医药连锁有限公司建河药店,道理区小建河街副30-1号1层,126.61258698634,45.759078849718,,,,,,,,,
演示单体不用回访,地址,126.36841846875,45.686139243933,,,,,,,,,
黑龙江省金天爱心医药连锁有限公司红日分店,哈尔滨市道里区通江街65号,126.62162854253,45.777809513776,,,,,,,,,
黑龙江省恒瑞阳光医药连锁有限公司民安大药房,道里区光华小区27栋民安街副99号,126.61854691970535,45.75339101603987,,,,,,,,,
黑龙江启康医药连锁有限公司,群力第六大道,126.55713752578,45.730758538347,,,,,,,,,
外婆,路上了,126.36841846875294,45.68613924393256,,,,,,,,,
道里区金山诊所,道里区金山堡十三道街,126.56407269439,45.710516651423,,,,,,,,,
哈尔滨地德里医院,地节街48号,126.62873560322,45.76330024112,,,,,,,,,
哈尔滨市道里区群力乡金山村卫生所,道里区群力乡金山村,126.56294002204,45.710167271068,,,,,,,,,
哈尔滨市道里区太平镇先富村卫生所,太平镇先富村,126.24125866519,45.645234073169,,,,,,,,,
道里区胜利村卫生所,道里区胜利村,126.52147554862,45.693644830584,,,,,,,,,
道里区五星村新华专科诊所,道里区五星村,126.48901593096,45.675563166903,,,,,,,,,
道里区新发镇先锋村卫生室,道里区新发镇先锋村,126.4706030858573,45.66381611512885,,,,,,,,,
哈尔滨市道里区太平镇太平村卫生所,道里区太平镇太平村,126.20855881041,45.640865864329,,,,,,,,,
道里区新发镇向东村卫生所,道里区新发镇向东村,126.42413893395,45.656886772186,,,,,,,,,
道里区太平镇前进村卫生室,太平镇前进村,126.36841846875294,45.68613924393256,,,,,,,,,
宋显西医内科诊所,道里区安广街37号,126.61045515160788,45.7611904375117,,,,,,,,,
哈尔滨马晓慧西医内科诊所,道里区窑地头道街18-6,126.58315519122,45.734480707771,,,,,,,,,
刘文彬中西医结合诊所,道里区工农大街651号,126.56621880748,45.724866858768,,,,,,,,,
仁和专科门诊部,道里区阳光颐养花园12号,126.54395575231,45.723759845376,,,,,,,,,
黑龙江爱老实业有限公司颐养城老年公寓卫生所,道里区哈双北路1.5公里,126.54250440592,45.722252642767,,,,,,,,,
哈尔滨市医德医诊所,道里区哈双北路,126.53031894641,45.722192968288,,,,,,,,,
齐海波西医外科诊所,道里区群力西区民生尚都,126.52401652008,45.724268715327,,,,,,,,,
哈尔滨万安大药房有限公司,工农大街112号,126.57638135181,45.731674959199,,,,,,,,,
三姓村诊所,道理区机场路三姓村,126.36841846875294,45.68613924393256,,,,,,,,,
云梦诊所,道理区机场路城西村,126.36841846875294,45.68613924393256,,,,,,,,,
高守华,民生尚都祥园12栋,126.52755036613,45.728913595315,,,,,,,,,
宝丰健民,新发镇建国村,126.48494777447,45.704543079411,,,,,,,,,
孟丽西医内科诊所,道里迎宾小区,126.58802556571,45.731353874135,,,,,,,,,
仁和专科门诊,哈尔滨市道里区颐养花园12号楼,126.36841846875294,45.68613924393256,,,,,,,,,
哈尔滨宝丰医药连锁有限公司益民店,后胡家村,126.35747426472,45.645688528821,,,,,,,,,
康瑞大药房,哈尔滨市道里区买卖街副121号,126.63627616295116,45.77857650332579,,,,,,,,,
黑龙江启康百姓医药连锁有限公司宜居家园店,哈尔滨市道里区群力乡民生尚都小区E42栋2号商服,126.52522904735,45.722789636317,,,,,,,,,
健烁大药房,哈尔滨市道里区安道街158号,126.61777300828,45.774636740676,,,,,,,,,
启康百姓医药连锁佳晨大药房,新阳路526号,126.60697021463449,45.74761219192002,,,,,,,,,
今天爱心连锁有限公司启兴店,乡政街117,126.59943491958,45.739116832921,,,,,,,,,
哈尔滨康新广信大药房有限公司,哈尔滨康新广信大药房有限公司,126.60052799955008,45.73825359388374,,,,,,,,,
百年世一大药铺,哈尔滨市道里区石头道街77号,126.63396868576,45.777446740002,,,,,,,,,
哈尔滨瑞志堂大药房,乡政街,126.59580162486,45.741491233345,,,,,,,,,
哈尔滨市吉兴堂大药房有限责任公司,temg,126.61651399334,45.751569033125,,,,,,,,,
启康医药连锁阳明分店,道里区阳明街65号,126.60817882258709,45.7633616835529,,,,,,,,,
黑龙江省金天爱心医药连锁有限公司雪峰分店,金山街,126.56269004016,45.713962506215,,,,,,,,,
刘志清西医内科诊所,哈尔滨市道里区高谊街50号,126.61891813952,45.778510566924,,,,,,,,,
河政社区卫生服务站,哈尔滨市道里区河政街,126.59905626601977,45.758420381698,,,,,,,,,
李维新西医骨科诊所,哈尔滨,126.60159832782,45.759063177833,,,,,,,,,
刘文彬,道里区工农大街747号,126.56656857383,45.724983599617,,,,,,,,,
万家村卫生所,哈尔滨市道里区新农镇万家村,126.37524215314488,45.683079417500835,,,,,,,,,
团结村卫生室以此为准,哈尔滨市道里区新农镇团结村,126.36598664804,45.647348516873,,,,,,,,,
新农镇卫生院,哈尔滨市道里区机场路1493号,126.35170816809,45.644075591094,,,,,,,,,
哈尔滨市道里区新农镇和平村卫生所,和平,126.35108037086,45.664614141147,,,,,,,,,
新发镇二场村卫生室,道里区新发镇二场村新企路28号,126.49641543893,45.671022232358,,,,,,,,,
哈尔滨市道里区新发镇先锋村卫生所,哈尔滨市道里区新发镇先锋村卫生所,126.47034880381,45.663803181458,,,,,,,,,
庆丰村卫生所,哈尔滨市道里区庆丰村卫生所,126.44080090245,45.689521290199,,,,,,,,,
哈尔滨市道里区群力乡群力村卫生所黑卫医证非字哈发第11,道里区群力乡群力村,126.5903957625,45.744333478933,,,,,,,,,
黑龙江省启康医药连锁有限公司宏宇店,哈尔滨市道里区红专街124号,126.61743959158775,45.777731522081694,,,,,,,,,
哈尔滨市道里区康佳药店,道里区新发镇,126.50750843266,45.683291945818,,,,,,,,,
启康百姓医药连锁有限公司哈双店,工农大街545号,126.57596652404,45.731017029771,,,,,,,,,
哈尔滨泰旭大药房有限公司,哈尔滨市道里区太平镇中心大街215号,126.20314678244677,45.63929810168592,,,,,,,,,
哈尔滨市松北区松浦镇松花江村卫生所,松花江村卫生所,126.68694534121,45.83417004539,,,,,,,,,
道里区榆林镇后榆村前榆卫生室,榆树镇后榆村前榆屯前榆卫生室,126.49332090695,45.671508751455,,,,,,,,,
启康润福店,群力第五大道518号,126.57624418784,45.741297610201,,,,,,,,,
榆树镇后榆村卫生所,榆树镇后榆村,126.46382743586,45.641551701573,,,,,,,,,
新农镇新立村卫生室,道里区新农镇新立村,126.32508381554,45.655887416129,,,,,,,,,
太平镇太安村卫生所,太平镇太安村,126.29379460834,45.670948733137,,,,,,,,,
王国文西医内科诊所,哈市道里区城乡路迎宾小区110栋4单元102,126.58549285201,45.732921761997,,,,,,,,,
马晓慧西医内科诊所,道里区窑地头道街报达文化嘉园,126.58336720663596,45.73453411321202,,,,,,,,,
望哈村卫生所,望哈村,126.47485806401,45.597269367684,,,,,,,,,
启康胜利,哈尔滨市道里区新发镇胜利村小三姓启康胜利,126.52211188993,45.692304698093,,,,,,,,,
榆林镇民主村卫生所,榆树镇民主村,126.36093396508,46.131406842138,,,,,,,,,
新发镇向东村卫生室,向东村,126.42419842558161,45.65546781350113,,,,,,,,,
英兰诊所,闫家岗农场,126.32524343579,45.637019607906,,,,,,,,,
新发村卫生所,新发镇新发村,126.54219284788144,45.72254478501666,,,,,,,,,
中实慧海大药房,康安四道街26,126.59558400761489,45.74581801404588,,,,,,,,,
哈尔滨市鉴铵大药房,道里区民生尚都岷山路72号,126.52009053011,45.727677450536,,,,,,,,,
新农镇新兴村卫生室,新农镇新兴村,126.09653892390543,47.609685834900205,,,,,,,,,
小杨家卫生室,小杨家屯,126.40064358604,45.678462858442,,,,,,,,,
道里区泰康大药房,道里区群力新发镇,126.49332099065,45.706413462223,,,,,,,,,
黑龙江启康百姓医药连锁有限公司太平庄店,哈尔滨市道里区太平镇启康药店,126.20319525915403,45.639343675781234,,,,,,,,,
danieltest,黑龙江省哈尔滨市道里区test,126.563743,45.746115,,,,,,,,,
我的错了,temg,126.36841846875294,45.68613924393256,,,,,,,,,
李英兰诊所,哈尔滨市道里区闫家岗农场,126.36841846875294,45.68613924393256,,,,,,,,,
哈尔滨市道里区榆树镇望哈村解放卫生室,薛家镇二厂村,126.49389519523,45.67551984258,,,,,,,,,
榆树镇民利卫生室,榆树镇民利村,126.4276349688,45.609027131456,,,,,,,,,
康云药店以此为准,哈尔滨市道里区友谊路51号,126.63214697394625,45.78584010317086,,,,,,,,,
新乡村卫生所,榆树镇新乡村,126.489164724,45.670308709481,,,,,,,,,
启康百姓医药连锁群力新城店,省公务员小区群力第二大道681,126.55213477334905,45.744550802430695,,,,,,,,,
黑龙江省金天爱心医药连锁有限公司永辉店,钢铁街41号,126.59983640898503,45.75054898180192,,,,,,,,,
新农镇一场村卫生室,新农镇一场村,126.37650920856163,45.683262610999435,,,,,,,,,
新农镇一场村卫生所,新农镇万家村,126.38640177122,45.697344264636,,,,,,,,,
金天爱心哈广店,道理区新华街138号,126.5953298989574,45.74413785180093,,,,,,,,,
医得宁门诊部,新发镇向东村,126.42479796141,45.653837173876,,,,,,,,,
红旗农场社区卫生服务站,太平镇立业村,126.21241844578,45.623250589727,,,,,,,,,
启康先锋店,新发镇先锋村,126.46917696941,45.666167810087,,,,,,,,,
哈尔滨和丰大药房,哈尔滨市道里区哈双北路5号,126.5561621556,45.722294011239,,,,,,,,,
哈尔滨市乐泰大药房有限公司,工程街104号,126.61103560651,45.778050845263,,,,,,,,,
启康永胜堂店,康安四道街46号,126.58943337567439,45.75590424045575,,,,,,,,,
哈尔滨万安大药房,工农大街112号翡翠城小区B4栋一单元105室,126.57850662539,45.728684223436,,,,,,,,,
榆树镇新乡村卫生所,新乡村,126.44921962313089,45.628497256892736,,,,,,,,,
刘建平西医诊所,temg,126.36841846875294,45.68613924393256,,,,,,,,,
金天爱心药品超市,群利融江路1103,126.5598558028,45.729311494335,,,,,,,,,
哈尔滨博康医院,群力家园,126.5469239617351,45.718875764057664,,,,,,,,,
华大门诊部,南岗区士课街24号,126.66842527336883,45.7561122855106,,,,,,,,,
恒瑞阳光旗安店,道里区经纬十一道街,126.61378199623,45.77624551034,,,,,,,,,
富龙药店,道里区安广街,126.61564275993737,45.76635976853342,,,,,,,,,
宝丰利民店,新发镇红旗村,126.60076733659,45.910491090113,,,,,,,,,
哈尔滨天鹅购大药房有限公司,哈尔滨道里区友谊西路2666号,126.57671375444,45.757266927849,,,,,,,,,
道里区群力乡城西村卫生室,道里区群力乡小西屯,126.55268224707,45.703967631024,,,,,,,,,
哈尔滨安详门诊部,道里区安心街,126.6207193072,45.758899985434,,,,,,,,,
阳光育博苑专科门诊部,阳光育博苑,126.54070092871,45.721716240036,,,,,,,,,
张宝内科门诊,道里区城西村,126.55202085374,45.705538694526,,,,,,,,,
范大夫诊所,哈尔滨道里区机场路胜利村小三姓范大夫,126.5215517852,45.693409284257,,,,,,,,,
哈尔滨市九三综合门诊部,哈尔滨市道里区抚顺街,126.62274130190099,45.758074530482936,,,,,,,,,
哈尔滨市鑫朋大药房,丽江路1055号,126.56701726284155,45.72325669226087,,,,,,,,,
群里民主卫生室,哈尔滨市道里区迎宾小区,126.58532589736,45.732213533093,,,,,,,,,
仁济堂大药房安埠店,阳江路78号,126.55282693203151,45.72372445304861,,,,,,,,,
哈尔滨河清专科门诊部,道里区河梁街11号,126.6012870424,45.76311207927,,,,,,,,,
宋显医内科诊所,道里区河广街37号,126.6091861446,45.760456531588,,,,,,,,,
韩金西医内科诊所,经纬道街11号,126.6167824012187,45.77605272472681,,,,,,,,,
蒲大夫诊所,道里区薛家田园小区,126.48599858936,45.670676629248,,,,,,,,,
全益百顺,道理区恒祥城2期15号楼1单元,126.60996239467,45.741636259633,,,,,,,,,
康子祥外科西医诊所,松原街副58号,126.60205417512,45.752448767873,,,,,,,,,
天鹅大药房,哈尔滨市道里区民康街41号1层,126.62166102378495,45.75411970323676,,,,,,,,,
育博卫生室,temg,126.5409280356098,45.721970780908514,,,,,,,,,
文文诊所,安心街,126.36841846875294,45.68613924393256,,,,,,,,,
明明牙科诊所,哈尔滨道里区太平村,126.36841846875294,45.68613924393256,,,,,,,,,
哈尔滨织布厂诊所,织布厂,126.62533923301,45.763873544471,,,,,,,,,
演示帐号不用回访,群力大道7号,126.36841846875294,45.68613924393256,,,,,,,,,
哈尔滨一堂综合门诊部,道理区民茂街,126.61923767442,45.755266268856,,,,,,,,,
启康百姓医药连锁文悦药店,顾乡大街42号,126.59826417541586,45.74609140516182,,,,,,,,,
爱华诊所,道里区新发镇,126.36841846875294,45.68613924393256,,,,,,,,,
张永宝中西西诊所,道里区二长村,126.49437891784,45.673356664653,,,,,,,,,
后榆村五一卫生室,道里区后榆树村,126.45847491774,45.63272462975,,,,,,,,,
哈市道里区庆丰村综合卫生所,道里区庆丰村,126.43862950539,45.688857774751,,,,,,,,,
民全村卫生室,道里区榆树村,126.36841846875294,45.68613924393256,,,,,,,,,
海辉工厂店,工厂街27号,126.63683943176,45.772628775043,,,,,,,,,
欣华安康群力店,道里区群力第五大道1498号,126.56718863505,45.740743901319,,,,,,,,,
李凤兰中医诊所,姚地街,126.58557525031,45.733423874079,,,,,,,,,
哈尔滨中信锦华大药房有限公司,小建河街7号,126.61307073749,45.758937878989,,,,,,,,,
先锋村卫生所,机场路857,127.39876831292,46.082143550725,,,,,,,,,
鑫丰门诊,道里区新发镇新发田园,126.48615500773,45.67048495611,,,,,,,,,
莆大夫诊所,薛家田园小区,126.48591453156,45.67093529342,,,,,,,,,
宋氏门诊,新发二场村12号商服,126.49466536035,45.67311459716,,,,,,,,,
惠泽康康安店,建国街5号,126.61379220698,45.761852424076,,,,,,,,,
长实医药有限公司,文库街10号,126.56339329119,45.712833271876,,,,,,,,,
哈尔滨宝丰医药连锁有限公司康宝店以此为准,道里区民安街201号,126.61640695157,45.751372327142,,,,,,,,,
哈尔滨宝丰医药连锁有限公司通达店以此为准,道里区安平街47-3号,126.6250738858,45.765404901318,,,,,,,,,
哈尔滨宝丰医药连锁有限公司德仁店以此为准,道里区高谊街27-1,126.6193802014,45.777655850415,,,,,,,,,
哈尔滨宝丰医药连锁有限公司红旗店,道里区中央大街,126.62650602820753,45.77440373793196,,,,,,,,,
宝丰百宏店,群力第一大道观江国际5号楼2号商服,126.56500403159,45.751621506535,,,,,,,,,
哈药测试,黑龙江省哈尔滨市道里区321,126.65771685545,45.773224633239,,,,,,,,,
哈尔滨宝丰医药连锁有限公司锦江店以此为准,道里区安丰街11号,126.61979923287,45.770902351397,,,,,,,,,
启康医药连锁南兴,道里区民生尚都B区和园24栋2单元104号,126.52398581707,45.726643752113,,,,,,,,,
启康胜奇药店,道里区工农大街663号启康胜奇药店,126.56990657524,45.727163115454,,,,,,,,,
道里新联想大药房,道里区买卖街169号,126.63591418481,45.780132664368,,,,,,,,,
哈尔滨宝岭民生大药房有限公司,道里区建国北二道街45号1层2-2号,126.60686500105,45.756210695339,,,,,,,,,
哈尔滨宝利大药房,群里第七大道2986号A1栋商服1层1号,126.55091018019,45.725269474526,,,,,,,,,
黑龙江龙卫中新医药连锁抚顺大药房,抚顺街328号,126.62251000569,45.757399051937,,,,,,,,,
鑫柏堂大药房,群力家园C区5栋1单元1号,126.54974310521675,45.71773843257144,,,,,,,,,
启康便民阳光店,大民兴街68号,126.62217588091,45.754350535512,,,,,,,,,
林源大药房,道里区安升街11-4,126.62440867475,45.765353552697,,,,,,,,,
哈尔滨元辰大药房有限公司,哈尔滨市道里区民生尚都小区E14栋1层4号商服,126.52611111157,45.726117960492,,,,,,,,,
龙伟远大店,工农大街与丽江路交口,126.5670733791,45.723524359744,,,,,,,,,
百草医堂,抚顺街142号,126.6267705104,45.763835783234,,,,,,,,,
海晖医药,1,126.36841846875294,45.68613924393256,,,,,,,,,
哈尔滨北秀医药连锁大发店,通顺小区4号楼1单元副4一10号,126.36841846875294,45.68613924393256,,,,,,,,,
哈药集团景江东路药店,哈药集团景江东路,128.94941872931116,45.81976936296562,,,,,,,,,
哈药集团景江西路药店,哈药集团景江西路药店,128.94941872931116,45.81976936296562,,,,,,,,,
哈尔滨市妙手仁心大药房,建国街277号2单元1层,126.36841846875294,45.68613924393256,,,,,,,,,
盛国堂,太平庄,126.20278160114,45.639207521144,,,,,,,,,
良心医药,南岗区先锋路593,126.36841846875294,45.68613924393256,,,,,,,,,
null111啊,1,126.65771685545,45.773224633239,,,,,,,,,
河政专科门诊部,哈尔滨道里区河政街34号,126.36841846875294,45.68613924393256,,,,,,,,,
哈尔滨市同正堂大药房,道里区哈药路268号,126.36841846875294,45.68613924393256,,,,,,,,,
联想亿百大药房河松店,河松街153号,126.36841846875294,45.68613924393256,,,,,,,,,
人民同泰埃德蒙顿路,道里区埃德蒙顿路54号,126.597531,45.739999,,,,,,,,,
人民同泰永升分店,道里区安发街46号,126.639398,45.76328,,,,,,,,,
人民同泰爱国分店,道里区安国街138号,126.617792,45.767449,,,,,,,,,
人民同泰安发分店,道里区安国街191号,126.615239,45.764016,,,,,,,,,
人民同泰经纬分店,道里区安隆街47号,126.625969,45.774119,,,,,,,,,
人民同泰安阳分店,道里区安阳路184号2栋1-1层1号,126.589482,45.744766,,,,,,,,,
人民同泰新亭分店,道里区安阳路55号,126.591325,45.746427,,,,,,,,,
人民同泰迎宾分店,道里区城乡路251号,126.586834,45.732349,,,,,,,,,
人民同泰城乡分店,道里区城乡路405号,126.568695,45.721585,,,,,,,,,
人民同泰民兴分店,道里区大民兴街23号,126.623212,45.755533,,,,,,,,,
人民同泰地段分店,道里区地段街136号,126.633834,45.778266,,,,,,,,,
人民同泰望江分店,道里区东风街67号,126.620896,45.777587,,,,,,,,,
人民同泰福同分店,道里区福同街43号,126.617695,45.758589,,,,,,,,,
人民同泰抚顺分店,道里区抚顺街160号,126.626857,45.762983,,,,,,,,,
人民同泰抚新分店,道里区抚顺街48号,126.628729,45.766864,,,,,,,,,
人民同泰钢铁分店,道里区钢铁街7号,126.601519,45.750647,,,,,,,,,
人民同泰友谊分店,道里区高谊街91号,126.620815,45.775615,,,,,,,,,
人民同泰工部分店,道里区工部街30号,126.614606,45.776169,,,,,,,,,
人民同泰工程分店,道里区工程街142号,126.608939,45.77576,,,,,,,,,
人民同泰贝尔分店,道里区工程街76-80号,126.612867,45.779927,,,,,,,,,
人民同泰齿轮路分店,道里区工农大街80号,126.569257,45.721943,,,,,,,,,
人民同泰美晨分店,道里区工农大街83号,126.573665,45.729996,,,,,,,,,
人民同泰山水分店,道里区工农大街B02栋1层8号门市,126.573665,45.729996,,,,,,,,,
人民同泰新城分店,道里区工农大街新城小区112栋10号门市,126.565931,45.730556,,,,,,,,,
人民同泰中西药分店,道里区顾乡大街100号,126.5556,45.675428,,,,,,,,,
人民同泰测试药店,中央大街88号,126.625735,45.77735,,,,,,,,,
人民同泰顾乡分店,道里区顾乡大街93号（新天地家园16栋3号）,126.595528,45.744125,,,,,,,,,
人民同泰哈双分店,道里区哈双北路阳光颐养花园12栋,126.544304,45.723916,,,,,,,,,
人民同泰宜居分店,道里区哈双北路宜居家园A栋104-6门市,126.525029,45.722465,,,,,,,,,
人民同泰大桥分店,道里区哈药路416号,126.600391,45.766594,,,,,,,,,
人民同泰河松分店,道里区河松街185号,126.58782,45.754918,,,,,,,,,
人民同泰锦江分店,道里区河松街锦江绿色家园52号门市,126.598842,45.754502,,,,,,,,,
人民同泰河鼓分店,道里区河政街9号公务员小区38栋2-1号门市,126.600148,45.758659,,,,,,,,,
人民同泰新发分店,道里区机场路605号,126.620485,45.764204,,,,,,,,,
人民同泰建通分店,道里区建国街235号,126.607098,45.755049,,,,,,,,,
人民同泰建国分店,道里区建国街副123号,126.609729,45.757894,,,,,,,,,
人民同泰红霞分店,道里区经纬街272号,126.615665,45.777419,,,,,,,,,
人民同泰乐买分店,道里区经纬街338号,126.612327,45.77872,,,,,,,,,
人民同泰康全分店,道里区康安路79号,126.609029,45.744615,,,,,,,,,
人民同泰民尚分店,道里区民生尚都小区瑞园31栋M5门市,126.526942,45.72378,,,,,,,,,
人民同泰怡园分店,道里区民生尚都小区怡园44栋5号商服,126.526748,45.72356,,,,,,,,,
人民同泰东安分店,道里区群力第七大道第D19栋1号门市,126.566904,45.730865,,,,,,,,,
人民同泰民安分店,道里区群力新区东临景江西路、北街D栋层19号门市,126.52335,45.726504,,,,,,,,,
人民同泰康安分店,道里区群力新区民生尚都E区怡园45B栋5号商区,126.52335,45.726504,,,,,,,,,
人民同泰爱建分店,道里区上海街96号,126.610501,45.76709,,,,,,,,,
人民同泰新乡分店,道里区上江街与工农大街交汇处4栋6门市,126.570724,45.727996,,,,,,,,,
人民同泰华中分店,道里区尚志大街110号,126.629798,45.77547,,,,,,,,,
人民同泰中泰分店,道里区石头道街10号,126.63384,45.778199,,,,,,,,,
人民同泰太平庄分店,道里区太平镇中心大街,126.202483,45.639239,,,,,,,,,
人民同泰民众分店,道里区通达街277号,126.615614,45.751169,,,,,,,,,
人民同泰通顺分店,道里区通顺街32号,126.601941,45.742288,,,,,,,,,
人民同泰新宏泰分店,道里区透笼街92号,126.631444,45.775279,,,,,,,,,
人民同泰道里世一堂,道里区西十道街15号,126.628406,45.778282,,,,,,,,,
人民同泰新阳分店,道里区新阳路155号,126.63384,45.778199,,,,,,,,,
人民同泰光辉分店,道里区新阳路321号,126.614239,45.757011,,,,,,,,,
人民同泰北方分店,道里区新阳路84号,126.622509,45.765776,,,,,,,,,
人民同泰江畔分店,道里区友谊路416号,126.605114,45.773434,,,,,,,,,
人民同泰井街分店,道里区友谊路49号,126.632361,45.785716,,,,,,,,,
人民同泰康泰永安,道里区中央大街18号,126.626546,45.774603,,,,,,,,,
人民同泰中央大药房,道里区中央大街77号,126.625764,45.778563,,,,,,,,,
人民同泰中央大街第一分店,道里区中央大街88号,126.625735,45.77735,,,,,,,,,
哈尔滨市建国医药连锁有限公司安宁分店,黑龙江省哈尔滨市道里区道里区抚顺街18号,126.62873763437,45.767747936486,,,,,,,,,
哈尔滨大众宝泰医药连锁有限公司新阳店,黑龙江省哈尔滨市道里区道里区建议街24号,126.61065363176,45.755904069933,,,,,,,,,
哈尔滨市建国医药连锁有限公司五星分店,黑龙江省哈尔滨市道里区道里区新发镇原种厂集资楼1楼,126.49334014188,45.675748455859,,,,,,,,,
哈尔滨市建国医药连锁有限公司通江分店,黑龙江省哈尔滨市道里区道里区通江街102号,126.62131471544,45.779025529898,,,,,,,,,
宏滕医药光仁店,道里区光仁接,126.61381954213,45.754237443141,,,,,,,,,
哈尔滨市建国医药连锁有限公司埃路分店,黑龙江省哈尔滨市道里区道里区乡政街副92-28号,126.58723361634,45.739089857946,,,,,,,,,
哈尔滨大众宝泰医药连锁有限公司通顺店,黑龙江省哈尔滨市道里区道里区通顺街45号,126.60409140416,45.743059799337,,,,,,,,,
黑龙江省恒瑞阳光医药连锁有限公司新城店,哈市道里区工农大街651号,126.56958350472,45.727146743945,,,,,,,,,
哈尔滨金天爱心医药连锁道里店,道里区抚顺街300号,126.62309136783,45.758688328421,,,,,,,,,
和泰大药房民生店,民生路55号,126.67539294310632,45.738381109853286,,,,,,,,,
哈尔滨百年一辰医药连锁有限公司金山店,黑龙江省哈尔滨市道里区道里区群立乡金山堡,126.56286727595,45.714920294055,,,,,,,,,
哈尔滨市建国医药连锁有限公司安发分店,黑龙江省哈尔滨市道里区道里区安发街40号,126.62063829408,45.7617629946,,,,,,,,,
哈尔滨大众宝泰医药连锁有限公司工厂店,黑龙江省哈尔滨市道里区道里区工厂街40号,126.63596894587,45.772666574958,,,,,,,,,
哈尔滨北秀医药连锁有限公司大发店,黑龙江省哈尔滨市道里区哈尔滨市道里区通顺街副4-10号,126.60440593401,45.743238217034,,,,,,,,,
哈尔滨金天爱心医药连锁爱心店,道里区石头道街2号,126.63790048133,45.778605001413,,,,,,,,,
黑龙江省金天爱心医药连锁河鼓店,黑龙江省金天爱心医药连锁河鼓店,126.5994941386582,45.76130009983806,,,,,,,,,
哈尔滨天健医药连锁微笑堂店,道里区大民兴街290-292号,126.61876274051,45.750408423741,,,,,,,,,
  哈尔滨宝丰医药连锁有限公司锦江店,黑龙江省哈尔滨市道里区道里区安定街52号,126.61967012951,45.770799581878,,,,,,,,,
哈尔滨市建国医药连锁有限公司经纬分店,黑龙江省哈尔滨市道里区道里区经纬十二道街31号,126.62324669316,45.775112149614,,,,,,,,,
哈尔滨大众宝泰医药连锁有限公司平准店,道里区安阳路62号,126.59187269388,45.74682879627,,,,,,,,,
哈尔滨市建国医药连锁有限公司正义分店,黑龙江省哈尔滨市道里区道里区安国街129号,126.6178279791759,45.767553732670166,,,,,,,,,
  哈尔滨宝丰医药连锁有限公司德仁店,黑龙江省哈尔滨市道里区道里区高谊街37-1号,126.61940475644,45.777621105149,,,,,,,,,
和泰大药房安升店,道里区民安街58,126.62312544423,45.765877201828,,,,,,,,,
黑龙江省金天爱心医药连锁大民兴店,道里区大民兴街39号,126.62291749173,45.755416262928,,,,,,,,,
江西昌盛大药房有限公司,小蓝开发区,126.65771685545,45.773224633239,,,,,,,,,
哈尔滨天生康美大药房连锁有限公司安和店,哈市道里区小建河街91号G栋,126.36841846875,45.686139243933,,,,,,,,,
黑龙江省金天爱心医药连锁天合店,道里区安宁街39号,126.62643443441,45.768872351874,,,,,,,,,
哈尔滨天生康美大药房连锁有限公司建国店,哈市道里区安国街223号,126.36841846875,45.686139243933,,,,,,,,,
哈尔滨百年一辰医药连锁有限公司共乐店,黑龙江省哈尔滨市道里区道里区哈药路33号,126.60174026249,45.764688039727,,,,,,,,,
海晖医药三姓店,黑龙江省哈尔滨市道里区道里区河清街,126.60122305645,45.764758924854,,,,,,,,,
哈尔滨市建国医药连锁有限公司新华分店,黑龙江省哈尔滨市道里区道里区经纬三道街15号,126.62535645038,45.772771055539,,,,,,,,,
黑龙江省恒瑞阳光医药连锁有限公司河松店,河山街95号,126.58984460359,45.753101270938,,,,,,,,,
哈尔滨天生康美大药房连锁有限公司,哈尔滨市道里区钢铁小区2栋一1一1层,126.59791957287,45.751400835036,,,,,,,,,
测试12345,123455,126.36841846875,45.686139243933,,,,,,,,,
哈尔滨百年一辰医药连锁有限公司河山店,黑龙江省哈尔滨市道里区道里区河山街79号,126.58973175605,45.75467703049,,,,,,,,,
哈尔滨泽林医药连锁有限公司大发店,康安路24号,126.60870896714,45.743967299716,,,,,,,,,
天宝测试,哈尔滨,126.36841846875,45.686139243933,,,,,,,,,
哈尔滨和丰大药房有限责任公司,哈尔滨市道理区哈双北路5号,126.5561621556,45.722294011239,,,,,,,,,
哈尔滨泽林医药连锁有限公司工农店,道里区工农大街685号,126.56918503422,45.726645722853,,,,,,,,,
  哈尔滨宝丰医药连锁有限公司果戈里店,黑龙江省哈尔滨市道里区道里区顾乡大街20号,126.59904022326,45.746407544239,,,,,,,,,
祥达大药房,0,126.61914355551,45.774267913291,,,,,,,,,
  哈尔滨市建国医药连锁有限公司太平分店,黑龙江省哈尔滨市道里区道里区太平镇太村太平庄屯,126.20120004706,45.638336061764,,,,,,,,,
哈尔滨大众宝泰医药连锁有限公司康源店,道里区河柏小区2O9栋,126.58995348692883,45.75258602066995,,,,,,,,,
黑龙江省恒瑞阳光医药连锁有限公司阳光店,哈市道里区工农大街52号,126.59805454974,45.745838072013,,,,,,,,,
哈尔滨大众宝泰医药连锁有限公司祥安店,通里区祥安店,126.63272827972,45.785083715515,,,,,,,,,
黑龙江省中西顺达医药连锁有限公司仁升堂大药房,黑龙江省哈尔滨市道里区黑龙江省中西顺达医药连锁有限公司仁升堂大药房,126.59868522335,45.752441539164,,,,,,,,,
黑龙江省金天爱心医药连锁仁和店,道里区抚顺街201号,126.62678736836,45.762475809302,,,,,,,,,
哈尔滨大众宝泰医药连锁有限公司通江店,道里区通江街103号,126.62113257342,45.779053272556,,,,,,,,,
黑龙江省恒瑞阳光医连锁有限公司为民店,哈市道里区松柏街16号,126.61236415604,45.760050228316,,,,,,,,,
合泰大药房康安店,道里区康安路50号,126.36841846875,45.686139243933,,,,,,,,,
德海大药房,黑龙江省哈尔滨市,126.65771685545,45.773224633239,,,,,,,,,
合泰大药房安定店,道里区安定街8号,126.6199369906052,45.7731078014161,,,,,,,,,
黑龙江省中西顺达医药连锁有限公司泰斗大药房,黑龙江省哈尔滨市道里区哈尔滨市道里区建国街239号,126.6046336817,45.752355716904,,,,,,,,,
黑龙江省中西顺达医药连锁有限公司大发店,黑龙江省哈尔滨市道里区哈尔滨市道里区康安路22号大发居家生活广场一楼10号,126.60846762552,45.743103130615,,,,,,,,,
哈尔滨北秀医药连锁有限公司河松店,黑龙江省哈尔滨市道里区哈尔滨市道里区河松小区501栋9单元1楼2号,126.58809459007,45.755164559754,,,,,,,,,
海晖医药果园店,黑龙江省哈尔滨市道里区道里区柳树街2号,126.63622176975,45.779896638949,,,,,,,,,
哈尔滨市建国医药连锁有限公司远东店,黑龙江省哈尔滨市道里区道里区乡政街138号,126.59416693648,45.742453187237,,,,,,,,,
哈尔滨市建国医药连锁有限公司松林分店,黑龙江省哈尔滨市道里区道里区阳光颐养花园11号楼1层9号门市,126.53829893259,45.724896349587,,,,,,,,,
黑龙江省中西顺达医药连锁有限公司汇格大药房,黑龙江省哈尔滨市道里区道里区安达街14号1层2号,126.60630449177,45.75527764123,,,,,,,,,
哈尔滨泽林医药连锁有限公司埃德店,道里区埃德蒙顿路66号,126.59614781011,45.740332691715,,,,,,,,,
黑龙江省金天爱心医药连锁有限公司安康分店,哈市道里区安康街5,126.69473599974,45.769858648885,,,,,,,,,
哈尔滨大众宝泰医药连锁有限公司地段店,黑龙江省哈尔滨市道里区道里区地段街130号,126.63439178907,45.777844394647,,,,,,,,,
黑龙江恒瑞阳光医药连锁有限公司康安店,哈市道里区乡政街147号,126.59782120229,45.739912982339,,,,,,,,,
哈尔滨泽林医药连锁有限公司建国店,道里区建国街208号,126.60572686659,45.753505706492,,,,,,,,,
哈尔滨百年一辰医药连锁有限公司建国店,黑龙江省哈尔滨市道里区道里区大民兴街211号,126.61860687209,45.750293072914,,,,,,,,,
哈尔滨市建国医药连锁有限公司故乡老店,黑龙江省哈尔滨市道里区道里区乡政街138号,126.59459637029,45.742788714863,,,,,,,,,
黑龙江省中西顺达医药连锁有限公司力灵大药房,黑龙江省哈尔滨市道里区道里区哈药路63号1层2号,126.61574809674465,45.755805462088006,,,,,,,,,
哈尔滨市建国医药连锁有限公司新星分店,黑龙江省哈尔滨市道里区道里区宜居家园A区103号5号商服,126.52422335243,45.722714894407,,,,,,,,,
黑龙江省恒瑞阳光医药连锁有限公司,哈尔滨市道里区光华小区,126.62448351662704,45.74598734979323,,,,,,,,,
合泰大药房华荣堂,道里区安定街106号,126.36841846875,45.686139243933,,,,,,,,,
海晖医药安抚店,黑龙江省哈尔滨市道里区道里区哈药路321号,126.60773563482,45.758852767532,,,,,,,,,
哈尔滨泽林医药连锁有限公司河松店,道里区河松街214号,126.58847079894,45.755247724941,,,,,,,,,
哈尔滨市建国医药连锁有限公司抚顺分店,黑龙江省哈尔滨市道里区道里区抚顺街375号,126.62305874640458,45.75523748617972,,,,,,,,,
哈尔滨百年一辰医药连锁有限公司安国店,黑龙江省哈尔滨市道里区道里区尚志大街西五道街4号,126.62899222784534,45.77952270518414,,,,,,,,,
哈尔滨市建国医药连锁有限公司河松分店,黑龙江省哈尔滨市道里区道里区河松街161号,126.58885940946,45.754723889626,,,,,,,,,
哈尔滨明德药店有限公司,哈市道里区正阳花园19栋1号,126.36841846875,45.686139243933,,,,,,,,,
哈尔滨大众宝泰医药连锁有限公司东方店,道里区新阳路389号,126.61206720063035,45.75443513096334,,,,,,,,,
哈尔滨大众宝泰医药连锁有限公司东亚店,道里区石头道街49号,126.63625658708,45.777981202624,,,,,,,,,
哈尔滨大众宝泰医药连锁有限公司健强店,道里区安阳路95号,126.59035346785,45.743531089408,,,,,,,,,
哈尔滨市建国医药连锁有限公司阳明分店,黑龙江省哈尔滨市道里区道里区建国街81号,126.60947688108854,45.75740578886441,,,,,,,,,
哥特阿狸测试,糯米,126.36841846875,45.686139243933,,,,,,,,,
哈尔滨大众宝泰医药连锁有限公司安固店,黑龙江省哈尔滨市道里区道里区安固街158号,126.61945460787,45.759468407579,,,,,,,,,
海晖医药工厂店,黑龙江省哈尔滨市道里区道里区工厂街17号,126.63689849175199,45.77241056065444,,,,,,,,,
哈尔滨市建国医药连锁有限公司联华分店,黑龙江省哈尔滨市道里区道里区顾乡大街150-3号,126.59447499983,45.742661136049,,,,,,,,,
哈尔滨天健医药连锁大桥中西店,哈药路437号1层1号,126.60201459281,45.764693657492,,,,,,,,,
哈尔滨市建国医药连锁有限公司,哈尔滨市道里区乡社街49号,126.70189221915018,45.7479022294607,,,,,,,,,
黑龙江省金天爱心医药连锁万达店,道里区中央大街232号,125.33418938191903,46.41293666450307,,,,,,,,,
哈尔滨大众宝泰医药连锁有限公司大众店,道外区红旗小区91栋,126.70160697453,45.768329865712,,,,,,,,,
哈尔滨市建国医药连锁有限公司民兴分店,黑龙江省哈尔滨市道里区道里区大民兴街300号,126.61857199001,45.75025631629,,,,,,,,,
黑龙江省中西顺达医药连锁有限公司祈福大药房,黑龙江省哈尔滨市道里区哈尔滨市道里区建议街36-1,126.60994296303,45.756288614789,,,,,,,,,
哈尔滨市合泰大药房,道里区民安街67号,126.36841846875,45.686139243933,,,,,,,,,
宏滕医药欧洲新城店,道里区欧洲新城,126.60825967413,45.748344892041,,,,,,,,,
哈尔滨市建国医药连锁有限公司群力分店,黑龙江省哈尔滨市道里区道里区达江小区1号楼8号,126.59056707002,45.745255519613,,,,,,,,,
哈尔滨市建国医药连锁有限公司故乡大街分店,黑龙江省哈尔滨市道里区道里区顾乡大街58号,126.59757129391,45.745807566981,,,,,,,,,
测试yangxianlei,黑龙江省哈尔滨市,126.36841846875,45.686139243933,,,,,,,,,
鲸鱼,temg,126.36841846875,45.686139243933,,,,,,,,,
黑龙江省圣通大药房有限公司道里友谊店,黑龙江省哈尔滨市道里区道里区建国街副202号-6,126.60597968006,45.753816191865,,,,,,,,,
黑龙江省鸿宇大药房医药有限公司道里工农店,黑龙江省哈尔滨市道里区道里区美晨家园1号楼商服6号门市,126.58781979159,45.739429881436,,,,,,,,,
黑龙江省鸿宇大药房医药有限公司道里共乐店,黑龙江省哈尔滨市道里区哈尔滨市道里区共乐西头道街50号,126.6091530346,45.758721162355,,,,,,,,,
哈尔滨华伟康健大药房连锁有限公司美晨店,黑龙江省哈尔滨市道里区哈尔滨市道里区安升街46号,126.62414018231436,45.76545650814901,,,,,,,,,
黑龙江省鸿宇大药房医药有限公司道里河柏店,黑龙江省哈尔滨市道里区哈尔滨市道里区河柏小区208栋4单元1层1号,126.59939888322,45.752380145694,,,,,,,,,
黑龙江省鸿宇大药房医药有限公司道里河梁店,黑龙江省哈尔滨市道里区道里区河梁街44号,126.60825380311,45.744155778243,,,,,,,,,
黑龙江省鸿宇大药房医药有限公司道里,黑龙江省哈尔滨市道里区道里区松树街28号,126.60132800389,45.76560922587,,,,,,,,,
建国医药道里分店,哈尔滨市道里区工农大街571号,126.57417374143,45.730256997503,,,,,,,,,
哈尔滨市建国医药连锁有限公司永和分店,temg,126.62585114573,45.784724085823,,,,,,,,,
建国医药连锁城乡分店,群力家园商服k3-19,126.57497236779,45.730340744221,,,,,,,,,
建国医药连锁金山分店,哈尔滨市道里区机场路7号穆斯林饭店综合楼,126.56078979982,45.714246687274,,,,,,,,,
哈尔滨市建国医药连锁友谊分店,哈尔滨市道里区群力第五大道金中环综合菜市场地下,126.5745714114,45.730127060939,,,,,,,,,
宏腾医药连锁光华店,temg,126.60535505601,45.745505796539,,,,,,,,,
测试客服药店,黑龙江省哈尔滨市道里区,126.36841846875294,45.68613924393256,,,,,,,,,
哈尔滨大众宝泰医药连锁有限公司海富店,道里区安阳路149号,126.58739235709,45.74370869834,,,,,,,,,
金天爱心抚顺,哈市道里区抚顺街,126.62315085604,45.758473948408,,,,,,,,,
海晖医药河清店,河清街56号,126.60028482826,45.764704397097,,,,,,,,,
哈尔滨益顺百姓大药房有限公司,安广街21号,126.6232690147,45.763745367838,,,,,,,,,
海晖医药抚顺店,抚顺街13号,126.62940227853,45.767762898351,,,,,,,,,
哈尔滨华伟康健大药房连锁有限公司草市街店,道里区河曲街,126.59965079657,45.763181877046,,,,,,,,,
高高测试,群力大道,126.36841846875294,45.68613924393256,,,,,,,,,
黑龙江省中西顺达医药连锁有限公司益康大药房,哈尔滨道里区,126.59297844016,45.744212608246,,,,,,,,,
哈尔滨宏腾医药连锁有限公司欧洲新城店,哈尔滨道里区欧洲新城新阳路508号,126.60803408289,45.748299183208,,,,,,,,,
黑龙江省中西顺达医药连锁有限公司,黑龙江省鸡西市密山市密山镇长明街道,126.62952628439,45.663578185185,,,,,,,,,
海晖河清店,海晖河清店,126.60053265422,45.764301788584,,,,,,,,,
新巴尔虎左旗嵯岗镇康泰大药房,新巴尔虎左旗嵯岗镇康泰大药房,126.36841846875294,45.68613924393256,,,,,,,,,
联众医药有限公司,北城社区,126.36841846875294,45.68613924393256,,,,,,,,,
国医,河政街,126.36841846875294,45.68613924393256,,,,,,,,,
哈尔滨市建国医药连锁有限公司文治分店,哈尔滨市道里区工农大街61号,126.587514523,45.739032987157,,,,,,,,,